cst_id,cst_key,cst_firstname,cst_lastname,cst_marital_status,cst_gndr,cst_create_date
1,CUST0001,Amit,Sharma,Single,Female,2021-08-17
2,CUST0002,Sneha,Reddy,Married,Male,2021-02-02
3,CUST0003,Ravi,Reddy,Single,Male,2022-06-02
4,CUST0004,Vikram,Sharma,Married,Male,2021-08-14
5,CUST0005,Rahul,Patel,Single,Male,2022-12-16
6,CUST0006,Pooja,Naidu,Single,Female,2021-08-09
7,CUST0007,Anil,Reddy,Married,Male,2021-04-10
8,CUST0008,Anil,Naidu,Single,Female,2023-01-18
9,CUST0009,Rahul,Reddy,Single,Female,2022-07-20
10,CUST0010,Kiran,Naidu,Single,Male,2021-02-16
11,CUST0011,Priya,Patel,Single,Male,2023-06-07
12,CUST0012,Amit,Singh,Married,Female,2022-10-13
13,CUST0013,Anil,Kumar,Married,Female,2021-08-03
14,CUST0014,Kiran,Reddy,Single,Male,2021-06-17
15,CUST0015,Rahul,Singh,Single,Female,2022-12-03
16,CUST0016,Anil,Sharma,Single,Male,2023-04-05
17,CUST0017,Anil,Singh,Single,Female,2021-08-05
18,CUST0018,Vikram,Naidu,Married,Male,2022-02-10
19,CUST0019,Rahul,Kumar,Single,Female,2021-09-10
20,CUST0020,Neha,Patel,Married,Female,2022-01-06
21,CUST0021,Priya,Kumar,Single,Female,2023-02-13
22,CUST0022,Ravi,Reddy,Single,Male,2023-03-23
23,CUST0023,Pooja,Reddy,Married,Female,2022-09-03
24,CUST0024,Rahul,Patel,Single,Male,2022-11-30
25,CUST0025,Neha,Patel,Single,Female,2021-10-28
26,CUST0026,Pooja,Kumar,Single,Female,2023-09-04
27,CUST0027,Kiran,Kumar,Married,Male,2023-05-12
28,CUST0028,Neha,Verma,Married,Male,2023-02-20
29,CUST0029,Sneha,Sharma,Married,Female,2021-01-20
30,CUST0030,Amit,Naidu,Single,Female,2021-03-01
31,CUST0031,Priya,Reddy,Married,Male,2023-04-16
32,CUST0032,Amit,Kumar,Married,Male,2023-08-28
33,CUST0033,Neha,Kumar,Married,Female,2023-09-15
34,CUST0034,Priya,Verma,Married,Female,2022-11-19
35,CUST0035,Anil,Das,Single,Female,2021-09-11
36,CUST0036,Priya,Reddy,Single,Female,2022-08-26
37,CUST0037,Neha,Verma,Single,Male,2021-03-14
38,CUST0038,Ravi,Verma,Single,Male,2023-05-31
39,CUST0039,Anil,Reddy,Married,Male,2022-11-17
40,CUST0040,Rahul,Verma,Married,Male,2021-09-06
41,CUST0041,Rahul,Singh,Single,Male,2021-04-10
42,CUST0042,Pooja,Naidu,Married,Female,2022-04-24
43,CUST0043,Ravi,Reddy,Married,Male,2023-01-16
44,CUST0044,Anil,Reddy,Single,Male,2021-07-14
45,CUST0045,Neha,Das,Married,Male,2021-07-07
46,CUST0046,Kiran,Das,Single,Male,2022-03-30
47,CUST0047,Neha,Reddy,Single,Male,2023-09-20
48,CUST0048,Amit,Verma,Married,Male,2022-05-13
49,CUST0049,Rahul,Verma,Single,Female,2021-06-18
50,CUST0050,Pooja,Sharma,Married,Female,2023-08-07
51,CUST0051,Rahul,Patel,Married,Female,2021-06-08
52,CUST0052,Priya,Patel,Single,Male,2022-08-17
53,CUST0053,Neha,Sharma,Single,Female,2021-02-21
54,CUST0054,Vikram,Das,Single,Male,2023-09-11
55,CUST0055,Neha,Reddy,Single,Male,2022-09-02
56,CUST0056,Amit,Verma,Single,Female,2023-08-23
57,CUST0057,Vikram,Verma,Single,Male,2022-03-06
58,CUST0058,Vikram,Naidu,Single,Female,2022-11-17
59,CUST0059,Anil,Verma,Married,Female,2021-05-15
60,CUST0060,Kiran,Das,Single,Female,2021-01-10
61,CUST0061,Rahul,Reddy,Single,Male,2022-06-03
62,CUST0062,Kiran,Kumar,Single,Female,2023-06-20
63,CUST0063,Priya,Naidu,Single,Female,2022-03-25
64,CUST0064,Neha,Patel,Married,Male,2023-08-13
65,CUST0065,Amit,Kumar,Single,Female,2023-07-01
66,CUST0066,Amit,Kumar,Married,Female,2022-09-12
67,CUST0067,Priya,Naidu,Married,Male,2022-06-02
68,CUST0068,Rahul,Patel,Single,Male,2022-10-12
69,CUST0069,Pooja,Patel,Single,Male,2021-12-08
70,CUST0070,Sneha,Patel,Married,Male,2022-07-19
71,CUST0071,Pooja,Sharma,Single,Male,2023-08-26
72,CUST0072,Sneha,Sharma,Single,Female,2022-03-17
73,CUST0073,Sneha,Sharma,Married,Female,2023-07-10
74,CUST0074,Ravi,Naidu,Single,Male,2022-11-14
75,CUST0075,Amit,Naidu,Single,Female,2023-08-06
76,CUST0076,Priya,Kumar,Married,Male,2021-01-26
77,CUST0077,Sneha,Naidu,Single,Female,2021-10-01
78,CUST0078,Sneha,Reddy,Single,Female,2023-05-30
79,CUST0079,Rahul,Verma,Married,Male,2021-12-25
80,CUST0080,Kiran,Verma,Single,Male,2022-11-07
81,CUST0081,Priya,Singh,Married,Female,2023-06-05
82,CUST0082,Amit,Patel,Married,Female,2022-11-27
83,CUST0083,Neha,Naidu,Single,Male,2023-06-18
84,CUST0084,Kiran,Kumar,Single,Female,2021-04-22
85,CUST0085,Vikram,Singh,Married,Female,2022-03-23
86,CUST0086,Vikram,Reddy,Single,Female,2021-09-18
87,CUST0087,Ravi,Singh,Single,Male,2022-01-08
88,CUST0088,Pooja,Reddy,Married,Female,2022-11-11
89,CUST0089,Amit,Patel,Married,Female,2021-12-01
90,CUST0090,Pooja,Patel,Single,Male,2022-03-07
91,CUST0091,Pooja,Kumar,Married,Female,2022-07-16
92,CUST0092,Ravi,Patel,Single,Female,2022-03-17
93,CUST0093,Vikram,Naidu,Married,Female,2022-03-29
94,CUST0094,Priya,Das,Single,Male,2021-10-18
95,CUST0095,Neha,Naidu,Single,Male,2022-11-20
96,CUST0096,Kiran,Verma,Single,Male,2021-01-26
97,CUST0097,Ravi,Verma,Single,Female,2022-04-12
98,CUST0098,Pooja,Verma,Married,Female,2022-02-14
99,CUST0099,Priya,Kumar,Single,Male,2023-03-09
100,CUST0100,Pooja,Verma,Married,Male,2021-02-21
101,CUST0101,Neha,Verma,Married,Male,2021-05-17
102,CUST0102,Rahul,Naidu,Married,Female,2023-05-01
103,CUST0103,Neha,Das,Married,Male,2022-04-06
104,CUST0104,Kiran,Verma,Married,Female,2022-10-04
105,CUST0105,Priya,Patel,Single,Female,2023-01-01
106,CUST0106,Kiran,Verma,Married,Female,2021-11-24
107,CUST0107,Neha,Reddy,Single,Male,2021-08-25
108,CUST0108,Pooja,Kumar,Single,Male,2022-03-01
109,CUST0109,Pooja,Naidu,Married,Female,2021-03-05
110,CUST0110,Priya,Singh,Single,Female,2023-05-28
111,CUST0111,Vikram,Singh,Single,Female,2023-08-24
112,CUST0112,Anil,Patel,Married,Female,2022-07-06
113,CUST0113,Neha,Verma,Single,Female,2021-10-07
114,CUST0114,Pooja,Das,Married,Male,2021-12-11
115,CUST0115,Pooja,Kumar,Single,Female,2022-09-30
116,CUST0116,Neha,Sharma,Single,Female,2021-03-27
117,CUST0117,Pooja,Kumar,Single,Female,2021-02-21
118,CUST0118,Kiran,Singh,Single,Female,2022-04-11
119,CUST0119,Anil,Naidu,Married,Female,2023-02-10
120,CUST0120,Pooja,Patel,Married,Male,2021-01-20
