sls_ord_num,sls_order_dt,sls_prd_id,sls_cust_id,sls_sales,sls_quantity,sls_price
ORD00001,2023-11-11,38,48,147088,4,36772
ORD00002,2023-06-28,23,55,110890,5,22178
ORD00003,2022-12-27,45,59,61782,3,20594
ORD00004,2022-09-15,15,16,42358,2,21179
ORD00005,2022-05-03,48,69,26104,2,13052
ORD00006,2022-08-10,48,62,143958,3,47986
ORD00007,2023-08-27,49,68,95230,5,19046
ORD00008,2022-04-13,13,38,48300,2,24150
ORD00009,2022-07-03,20,2,43975,5,8795
ORD00010,2022-10-08,3,7,98225,5,19645
ORD00011,2023-12-16,9,82,28892,4,7223
ORD00012,2024-06-12,1,74,93786,3,31262
ORD00013,2023-05-06,29,44,7734,2,3867
ORD00014,2022-09-16,31,15,26760,1,26760
ORD00015,2023-05-19,5,74,10443,1,10443
ORD00016,2022-06-02,37,39,16765,1,16765
ORD00017,2022-05-02,36,98,160940,4,40235
ORD00018,2023-09-03,40,29,127140,5,25428
ORD00019,2023-04-07,29,39,143015,5,28603
ORD00020,2022-11-09,37,80,40452,1,40452
ORD00021,2024-01-28,7,98,82986,2,41493
ORD00022,2022-08-05,17,85,10792,1,10792
ORD00023,2022-09-03,12,71,10758,1,10758
ORD00024,2022-01-03,27,58,156480,5,31296
ORD00025,2022-10-26,3,30,140493,3,46831
ORD00026,2022-10-17,45,111,20656,4,5164
ORD00027,2023-12-05,15,119,124389,3,41463
ORD00028,2023-08-27,43,103,56722,2,28361
ORD00029,2022-04-28,35,29,35816,2,17908
ORD00030,2024-04-26,10,10,11373,1,11373
ORD00031,2024-03-22,20,77,97070,5,19414
ORD00032,2023-03-26,8,60,139071,3,46357
ORD00033,2023-02-17,18,65,164305,5,32861
ORD00034,2023-03-25,6,77,28813,1,28813
ORD00035,2024-01-23,21,78,6585,3,2195
ORD00036,2022-04-04,15,87,194885,5,38977
ORD00037,2022-01-22,49,87,114792,3,38264
ORD00038,2022-02-11,49,97,62668,2,31334
ORD00039,2023-06-16,42,57,37182,3,12394
ORD00040,2023-08-23,28,82,25916,4,6479
ORD00041,2023-04-27,23,53,64620,3,21540
ORD00042,2023-11-18,7,110,44228,2,22114
ORD00043,2023-02-26,45,64,131769,3,43923
ORD00044,2023-02-15,49,71,30307,1,30307
ORD00045,2022-04-01,21,33,24291,3,8097
ORD00046,2024-03-02,26,111,2875,5,575
ORD00047,2023-11-05,35,60,16208,4,4052
ORD00048,2022-07-12,34,47,165845,5,33169
ORD00049,2023-10-03,29,98,13840,1,13840
ORD00050,2022-10-01,36,17,87636,3,29212
ORD00051,2023-12-17,32,16,41789,1,41789
ORD00052,2023-09-16,16,91,41730,2,20865
ORD00053,2023-07-19,1,71,26432,4,6608
ORD00054,2022-08-19,8,60,42948,1,42948
ORD00055,2024-05-02,10,64,101547,3,33849
ORD00056,2023-12-24,18,54,125788,4,31447
ORD00057,2022-09-07,30,71,51276,2,25638
ORD00058,2022-07-15,39,66,10150,2,5075
ORD00059,2022-10-10,50,102,91096,4,22774
ORD00060,2024-03-17,33,35,19036,1,19036
ORD00061,2024-01-14,20,108,192525,5,38505
ORD00062,2023-11-07,32,111,59528,2,29764
ORD00063,2023-07-06,31,45,110010,3,36670
ORD00064,2024-02-21,35,49,86352,4,21588
ORD00065,2024-06-09,13,90,75946,2,37973
ORD00066,2023-01-28,15,110,13440,4,3360
ORD00067,2022-11-22,48,61,103208,4,25802
ORD00068,2023-11-11,42,20,11704,4,2926
ORD00069,2022-05-10,33,76,21231,3,7077
ORD00070,2024-06-14,29,13,152225,5,30445
ORD00071,2022-01-16,47,19,173644,4,43411
ORD00072,2022-06-08,5,61,68061,3,22687
ORD00073,2023-10-01,45,51,22032,1,22032
ORD00074,2024-05-22,44,110,127020,5,25404
ORD00075,2022-11-21,41,92,143824,4,35956
ORD00076,2022-02-06,40,9,83726,2,41863
ORD00077,2023-12-02,19,30,28940,1,28940
ORD00078,2022-04-11,49,82,29576,1,29576
ORD00079,2022-06-20,45,39,3514,1,3514
ORD00080,2022-11-29,4,38,75195,3,25065
ORD00081,2023-03-18,10,32,137520,5,27504
ORD00082,2023-08-03,44,102,23280,2,11640
ORD00083,2022-06-29,6,79,164452,4,41113
ORD00084,2023-12-01,16,64,49395,5,9879
ORD00085,2022-08-26,30,82,91854,3,30618
ORD00086,2022-09-19,43,2,77400,4,19350
ORD00087,2023-11-25,35,21,29449,1,29449
ORD00088,2022-12-20,38,39,182960,4,45740
ORD00089,2022-09-14,30,109,40665,3,13555
ORD00090,2023-01-29,31,14,50986,2,25493
ORD00091,2023-08-09,23,74,138981,3,46327
ORD00092,2022-10-30,2,107,73952,4,18488
ORD00093,2022-01-09,37,111,40241,1,40241
ORD00094,2024-02-03,32,107,46743,3,15581
ORD00095,2023-09-14,23,29,82380,2,41190
ORD00096,2022-09-14,44,97,83344,2,41672
ORD00097,2022-04-10,41,83,20746,1,20746
ORD00098,2024-03-18,29,5,122055,5,24411
ORD00099,2024-01-20,9,12,65733,3,21911
ORD00100,2024-02-05,27,23,18322,2,9161
ORD00101,2024-03-16,35,113,105867,3,35289
ORD00102,2023-05-29,18,107,34680,2,17340
ORD00103,2024-04-24,31,104,148278,3,49426
ORD00104,2024-06-10,22,103,31192,1,31192
ORD00105,2022-03-19,10,97,89646,2,44823
ORD00106,2024-01-12,44,51,122355,5,24471
ORD00107,2022-04-03,26,2,106992,3,35664
ORD00108,2022-05-07,30,48,116427,3,38809
ORD00109,2023-01-26,41,48,44726,1,44726
ORD00110,2022-08-28,31,4,186460,5,37292
ORD00111,2022-12-02,40,29,42141,1,42141
ORD00112,2024-04-23,30,117,129144,3,43048
ORD00113,2023-02-23,8,18,2938,1,2938
ORD00114,2022-11-08,32,15,15887,1,15887
ORD00115,2023-07-05,9,50,99256,4,24814
ORD00116,2023-11-18,48,90,139835,5,27967
ORD00117,2023-08-25,48,94,55378,2,27689
ORD00118,2023-11-02,7,107,163388,4,40847
ORD00119,2023-02-22,18,5,44214,3,14738
ORD00120,2023-03-31,29,31,21033,3,7011
ORD00121,2023-12-04,24,70,13404,3,4468
ORD00122,2023-02-12,18,25,30300,1,30300
ORD00123,2022-04-04,43,28,9495,5,1899
ORD00124,2022-02-21,22,32,75000,2,37500
ORD00125,2022-07-30,5,107,70380,5,14076
ORD00126,2023-08-24,14,105,44064,2,22032
ORD00127,2024-03-03,10,101,3425,5,685
ORD00128,2022-10-11,10,17,84630,5,16926
ORD00129,2024-03-28,12,15,9137,1,9137
ORD00130,2022-01-16,23,102,78182,2,39091
ORD00131,2022-11-28,2,23,11802,3,3934
ORD00132,2022-05-10,48,54,39740,5,7948
ORD00133,2024-02-03,5,61,96904,4,24226
ORD00134,2023-06-10,38,14,134076,4,33519
ORD00135,2022-08-15,40,6,101335,5,20267
ORD00136,2023-04-15,42,4,31890,1,31890
ORD00137,2024-05-17,26,55,32630,1,32630
ORD00138,2023-12-31,29,10,21609,1,21609
ORD00139,2023-09-15,10,9,37046,2,18523
ORD00140,2023-10-02,41,75,235855,5,47171
ORD00141,2022-11-29,25,77,99130,5,19826
ORD00142,2023-04-10,33,78,27996,4,6999
ORD00143,2024-03-23,45,15,238700,5,47740
ORD00144,2024-06-05,14,56,61896,4,15474
ORD00145,2023-02-28,22,106,106524,4,26631
ORD00146,2023-03-02,47,13,85404,3,28468
ORD00147,2022-11-17,43,33,31509,3,10503
ORD00148,2023-12-05,31,9,6094,1,6094
ORD00149,2022-04-06,28,13,27081,3,9027
ORD00150,2023-07-24,4,76,186550,5,37310
ORD00151,2022-12-04,43,16,94692,4,23673
ORD00152,2024-06-13,43,97,191020,4,47755
ORD00153,2022-02-22,19,77,70635,3,23545
ORD00154,2022-04-17,37,65,21280,2,10640
ORD00155,2023-11-04,31,29,23445,1,23445
ORD00156,2024-05-15,36,48,18756,1,18756
ORD00157,2023-08-11,15,104,149052,4,37263
ORD00158,2024-02-25,40,79,11100,5,2220
ORD00159,2023-09-16,43,107,7191,3,2397
ORD00160,2022-07-04,18,90,68310,3,22770
ORD00161,2022-12-26,1,24,75228,2,37614
ORD00162,2023-11-05,26,9,98120,2,49060
ORD00163,2023-10-11,2,12,72990,5,14598
ORD00164,2023-01-21,27,59,32445,3,10815
ORD00165,2023-01-14,20,93,113091,3,37697
ORD00166,2023-09-03,6,114,10696,1,10696
ORD00167,2022-06-11,49,80,44669,1,44669
ORD00168,2022-03-25,18,57,129312,4,32328
ORD00169,2023-09-14,29,54,43881,3,14627
ORD00170,2024-02-13,33,15,86022,3,28674
ORD00171,2022-04-24,19,87,161955,5,32391
ORD00172,2023-06-24,43,40,14951,1,14951
ORD00173,2023-02-09,39,8,13897,1,13897
ORD00174,2022-11-05,14,99,34490,2,17245
ORD00175,2022-10-24,21,16,33096,1,33096
ORD00176,2024-02-04,28,23,50834,2,25417
ORD00177,2023-06-30,46,30,185580,5,37116
ORD00178,2024-05-03,43,104,15669,3,5223
ORD00179,2023-02-11,48,6,6912,4,1728
ORD00180,2023-04-16,5,111,114696,3,38232
ORD00181,2023-03-16,37,52,77892,4,19473
ORD00182,2022-04-28,26,3,35289,3,11763
ORD00183,2024-03-31,40,59,18825,3,6275
ORD00184,2023-03-24,7,32,156368,4,39092
ORD00185,2023-02-15,34,11,83336,4,20834
ORD00186,2024-02-03,22,29,34554,3,11518
ORD00187,2022-03-20,33,82,35273,1,35273
ORD00188,2023-06-07,13,116,70527,3,23509
ORD00189,2024-01-15,42,105,31968,2,15984
ORD00190,2022-04-16,10,33,23740,2,11870
ORD00191,2023-09-09,10,98,12109,1,12109
ORD00192,2024-03-02,41,64,199772,4,49943
ORD00193,2023-08-01,49,75,180552,4,45138
ORD00194,2023-08-02,42,82,108405,5,21681
ORD00195,2024-06-03,41,41,58640,2,29320
ORD00196,2022-03-11,31,57,55503,3,18501
ORD00197,2023-08-29,4,46,26810,5,5362
ORD00198,2022-11-14,30,58,4228,1,4228
ORD00199,2023-01-13,19,10,40805,1,40805
ORD00200,2023-09-01,33,50,154128,4,38532
ORD00201,2023-07-22,48,115,29973,1,29973
ORD00202,2024-04-09,37,84,43142,2,21571
ORD00203,2023-09-12,31,65,9108,2,4554
ORD00204,2023-04-07,7,104,141939,3,47313
ORD00205,2022-03-28,33,83,6130,2,3065
ORD00206,2022-09-11,46,57,139380,4,34845
ORD00207,2023-06-20,40,21,74805,3,24935
ORD00208,2022-10-17,25,53,134976,3,44992
ORD00209,2023-09-05,4,102,14457,3,4819
ORD00210,2022-12-04,7,72,76484,4,19121
ORD00211,2022-09-16,47,110,51770,5,10354
ORD00212,2022-12-08,6,75,46850,2,23425
ORD00213,2022-11-14,42,90,35800,4,8950
ORD00214,2023-09-02,46,11,111387,3,37129
ORD00215,2023-01-21,42,102,26625,3,8875
ORD00216,2023-11-18,45,107,33120,5,6624
ORD00217,2023-10-24,43,55,121060,5,24212
ORD00218,2022-01-19,24,40,29074,2,14537
ORD00219,2022-12-16,50,63,30692,2,15346
ORD00220,2022-05-21,10,10,21384,3,7128
ORD00221,2023-06-04,50,70,14865,5,2973
ORD00222,2023-11-09,22,113,45440,5,9088
ORD00223,2023-09-04,25,20,24702,2,12351
ORD00224,2024-05-01,45,99,56740,5,11348
ORD00225,2024-01-09,29,6,97496,4,24374
ORD00226,2023-11-24,47,31,162060,4,40515
ORD00227,2022-10-19,49,96,63340,4,15835
ORD00228,2023-07-01,16,40,52860,4,13215
ORD00229,2023-01-12,44,74,123024,4,30756
ORD00230,2024-02-27,19,100,133832,4,33458
ORD00231,2023-06-25,27,21,80254,2,40127
ORD00232,2022-05-22,17,7,99308,4,24827
ORD00233,2023-07-22,7,92,43350,5,8670
ORD00234,2022-10-19,6,98,36754,2,18377
ORD00235,2023-04-06,33,19,26040,4,6510
ORD00236,2022-08-16,29,114,6741,3,2247
ORD00237,2023-03-01,4,51,125035,5,25007
ORD00238,2022-08-30,25,11,45645,3,15215
ORD00239,2022-01-29,21,120,47338,1,47338
ORD00240,2023-10-28,22,102,19034,2,9517
ORD00241,2022-02-09,19,118,184468,4,46117
ORD00242,2024-05-01,9,98,119596,4,29899
ORD00243,2023-09-23,1,116,1745,1,1745
ORD00244,2022-09-20,14,107,72932,2,36466
ORD00245,2024-01-15,39,68,31144,4,7786
ORD00246,2024-03-05,19,31,25455,3,8485
ORD00247,2022-02-18,16,54,152285,5,30457
ORD00248,2022-03-06,8,108,158428,4,39607
ORD00249,2023-07-03,2,81,190930,5,38186
ORD00250,2022-09-05,46,19,85890,3,28630
ORD00251,2022-01-02,40,46,75798,2,37899
ORD00252,2023-03-03,12,86,34807,1,34807
ORD00253,2023-01-05,5,68,168740,5,33748
ORD00254,2024-03-16,33,71,26088,1,26088
ORD00255,2024-06-13,31,6,99856,4,24964
ORD00256,2022-09-17,48,3,14781,3,4927
ORD00257,2022-12-20,16,94,38635,1,38635
ORD00258,2024-01-23,49,43,6810,2,3405
ORD00259,2022-12-27,35,44,90742,2,45371
ORD00260,2023-04-21,45,62,18674,2,9337
ORD00261,2022-03-06,46,100,11692,4,2923
ORD00262,2022-10-28,13,6,6492,2,3246
ORD00263,2022-11-20,20,66,144352,4,36088
ORD00264,2023-04-30,17,5,38500,2,19250
ORD00265,2023-01-01,50,7,55215,3,18405
ORD00266,2022-05-08,24,56,196852,4,49213
ORD00267,2023-03-27,25,44,66038,2,33019
ORD00268,2023-12-10,32,48,89895,5,17979
ORD00269,2024-03-31,6,94,22688,4,5672
ORD00270,2023-03-17,39,106,72496,2,36248
ORD00271,2022-10-28,21,14,21990,1,21990
ORD00272,2023-11-08,19,40,159972,4,39993
ORD00273,2024-01-05,28,22,94152,4,23538
ORD00274,2023-04-03,3,94,122382,3,40794
ORD00275,2023-03-22,18,82,5417,1,5417
ORD00276,2023-11-19,41,52,102375,3,34125
ORD00277,2024-03-31,48,87,5080,2,2540
ORD00278,2022-05-27,39,87,11120,4,2780
ORD00279,2022-05-10,5,31,72699,3,24233
ORD00280,2023-01-28,37,5,52775,5,10555
ORD00281,2023-11-27,29,48,88782,3,29594
ORD00282,2024-02-21,5,74,70396,2,35198
ORD00283,2023-01-11,26,41,50574,3,16858
ORD00284,2022-04-27,2,95,66410,2,33205
ORD00285,2023-06-15,25,117,41085,5,8217
ORD00286,2022-09-26,50,34,58248,4,14562
ORD00287,2023-09-19,19,89,54472,4,13618
ORD00288,2022-05-06,9,110,30125,1,30125
ORD00289,2022-06-26,46,57,45190,1,45190
ORD00290,2024-05-15,21,86,141000,3,47000
ORD00291,2022-03-08,36,70,60471,3,20157
ORD00292,2024-05-21,11,92,48380,2,24190
ORD00293,2023-06-05,15,16,19202,2,9601
ORD00294,2022-08-31,32,4,110424,3,36808
ORD00295,2023-08-10,24,60,45020,5,9004
ORD00296,2023-09-19,6,9,79779,3,26593
ORD00297,2024-01-05,47,62,137105,5,27421
ORD00298,2024-02-27,27,106,26665,5,5333
ORD00299,2022-05-09,21,83,29989,1,29989
ORD00300,2023-04-23,44,67,26730,3,8910
ORD00301,2024-06-18,50,71,62125,5,12425
ORD00302,2024-02-26,9,56,20655,5,4131
ORD00303,2024-05-01,8,67,40862,2,20431
ORD00304,2022-06-18,11,42,46352,2,23176
ORD00305,2023-06-16,19,109,16923,1,16923
ORD00306,2022-07-21,41,71,26109,3,8703
ORD00307,2023-10-03,20,79,33110,5,6622
ORD00308,2023-05-30,42,22,192765,5,38553
ORD00309,2022-06-07,11,85,238635,5,47727
ORD00310,2023-09-12,22,108,15995,5,3199
ORD00311,2024-04-25,2,11,42538,1,42538
ORD00312,2024-02-29,37,34,75990,2,37995
ORD00313,2023-03-03,40,82,33139,1,33139
ORD00314,2023-10-05,35,38,96450,3,32150
ORD00315,2022-09-08,44,52,90669,3,30223
ORD00316,2022-03-16,45,8,58618,2,29309
ORD00317,2023-03-02,31,60,45588,2,22794
ORD00318,2023-09-14,10,41,145848,3,48616
ORD00319,2024-05-31,23,52,49566,2,24783
ORD00320,2023-06-12,36,14,49026,3,16342
ORD00321,2023-04-23,8,35,66988,4,16747
ORD00322,2022-05-25,7,7,77025,3,25675
ORD00323,2024-06-03,40,54,21932,2,10966
ORD00324,2024-04-13,21,120,238795,5,47759
ORD00325,2022-11-17,13,98,66308,2,33154
ORD00326,2023-06-12,30,64,99285,3,33095
ORD00327,2022-01-24,6,51,152325,5,30465
ORD00328,2022-09-04,14,75,11064,3,3688
ORD00329,2022-02-21,19,64,216885,5,43377
ORD00330,2023-11-20,31,37,5175,5,1035
ORD00331,2024-05-17,7,56,35664,2,17832
ORD00332,2024-01-15,24,98,97928,4,24482
ORD00333,2022-02-16,26,7,186595,5,37319
ORD00334,2022-07-19,24,71,15954,3,5318
ORD00335,2023-01-31,33,58,94155,5,18831
ORD00336,2024-04-25,40,88,41430,5,8286
ORD00337,2022-05-12,7,51,68166,3,22722
ORD00338,2023-07-26,24,97,27090,2,13545
ORD00339,2023-09-09,33,52,15690,5,3138
ORD00340,2022-02-16,3,18,94641,3,31547
ORD00341,2023-06-16,30,20,171420,5,34284
ORD00342,2022-05-24,21,120,106875,5,21375
ORD00343,2022-06-16,26,79,118230,3,39410
ORD00344,2022-12-11,33,107,176935,5,35387
ORD00345,2023-05-17,46,73,94866,3,31622
ORD00346,2024-04-15,2,48,133974,3,44658
ORD00347,2022-04-23,27,75,144102,3,48034
ORD00348,2024-06-12,45,81,39619,1,39619
ORD00349,2023-05-01,17,84,191775,5,38355
ORD00350,2022-08-22,47,7,159930,5,31986
ORD00351,2022-06-24,34,81,127080,5,25416
ORD00352,2022-06-01,44,32,38023,1,38023
ORD00353,2023-12-19,8,25,29403,1,29403
ORD00354,2022-11-18,27,20,183008,4,45752
ORD00355,2022-07-28,27,65,157035,5,31407
ORD00356,2024-06-12,48,94,46753,1,46753
ORD00357,2022-05-22,34,27,109010,5,21802
ORD00358,2023-11-10,31,68,84248,4,21062
ORD00359,2022-06-27,30,117,114670,5,22934
ORD00360,2023-07-14,23,87,121443,3,40481
ORD00361,2023-05-11,13,32,111222,3,37074
ORD00362,2022-11-02,15,39,140088,3,46696
ORD00363,2022-08-01,45,91,85108,4,21277
ORD00364,2023-05-07,23,72,58080,3,19360
ORD00365,2022-05-05,37,87,126915,5,25383
ORD00366,2023-02-09,23,99,39070,2,19535
ORD00367,2022-02-13,19,92,23199,1,23199
ORD00368,2023-03-29,42,33,58092,4,14523
ORD00369,2022-07-26,35,35,230620,5,46124
ORD00370,2022-10-06,9,14,245275,5,49055
ORD00371,2023-08-24,16,32,44398,1,44398
ORD00372,2023-06-28,15,82,7880,2,3940
ORD00373,2022-04-13,27,43,28356,4,7089
ORD00374,2023-11-29,50,18,36567,1,36567
ORD00375,2022-06-11,27,84,127160,4,31790
ORD00376,2023-10-29,13,97,64644,3,21548
ORD00377,2022-10-20,42,8,43249,1,43249
ORD00378,2023-08-11,15,69,11973,1,11973
ORD00379,2023-03-04,12,120,26517,1,26517
ORD00380,2024-03-17,32,24,8865,3,2955
ORD00381,2022-01-10,20,73,37660,5,7532
ORD00382,2022-12-10,19,59,174305,5,34861
ORD00383,2023-05-21,9,109,155860,5,31172
ORD00384,2022-10-07,13,104,22171,1,22171
ORD00385,2022-06-16,47,59,142782,3,47594
ORD00386,2022-07-10,1,95,59502,3,19834
ORD00387,2023-08-05,44,97,24002,2,12001
ORD00388,2023-09-18,41,115,114116,4,28529
ORD00389,2023-06-12,21,12,177440,4,44360
ORD00390,2022-04-08,12,18,86828,4,21707
ORD00391,2022-09-12,1,34,63740,4,15935
ORD00392,2023-04-03,49,35,60864,3,20288
ORD00393,2023-08-20,47,74,17641,1,17641
ORD00394,2023-11-01,24,89,9142,2,4571
ORD00395,2023-11-15,8,60,32901,3,10967
ORD00396,2023-02-20,44,65,137214,3,45738
ORD00397,2022-05-01,41,118,73761,3,24587
ORD00398,2023-09-22,15,29,63676,2,31838
ORD00399,2022-06-06,30,96,124925,5,24985
ORD00400,2023-03-02,45,71,142904,4,35726
ORD00401,2024-04-01,43,106,33434,2,16717
ORD00402,2023-11-28,49,77,34939,1,34939
ORD00403,2023-04-03,34,91,16854,3,5618
ORD00404,2023-08-01,8,8,168135,5,33627
ORD00405,2022-07-27,37,69,22566,2,11283
ORD00406,2022-12-02,34,57,45083,1,45083
ORD00407,2022-07-30,46,75,25836,4,6459
ORD00408,2023-06-07,29,104,30216,1,30216
ORD00409,2022-05-16,33,54,149824,4,37456
ORD00410,2022-03-01,36,60,143700,3,47900
ORD00411,2022-01-23,26,33,49377,1,49377
ORD00412,2022-08-12,38,10,28267,1,28267
ORD00413,2022-12-19,45,9,22240,5,4448
ORD00414,2022-03-12,31,5,81885,3,27295
ORD00415,2022-07-04,50,18,100160,4,25040
ORD00416,2023-01-27,29,112,100472,4,25118
ORD00417,2022-03-24,44,85,46075,5,9215
ORD00418,2023-11-01,23,16,71418,2,35709
ORD00419,2023-02-07,34,17,1454,2,727
ORD00420,2024-02-14,2,39,178552,4,44638
ORD00421,2024-01-07,35,55,126780,5,25356
ORD00422,2024-04-23,15,32,92740,4,23185
ORD00423,2022-06-08,18,25,2611,1,2611
ORD00424,2024-04-08,43,54,7625,5,1525
ORD00425,2022-09-04,14,9,39424,1,39424
ORD00426,2022-02-04,29,77,16538,1,16538
ORD00427,2024-01-29,3,52,63428,4,15857
ORD00428,2023-07-07,14,97,9683,1,9683
ORD00429,2023-05-31,19,30,106995,5,21399
ORD00430,2023-08-15,39,99,48075,3,16025
ORD00431,2022-11-06,10,85,74930,5,14986
ORD00432,2023-02-28,20,36,36985,1,36985
ORD00433,2023-08-29,48,117,83050,2,41525
ORD00434,2023-11-27,28,72,14288,4,3572
ORD00435,2022-12-19,42,86,139484,4,34871
ORD00436,2022-11-23,45,54,41116,4,10279
ORD00437,2022-11-04,25,24,157660,5,31532
ORD00438,2022-09-04,15,39,61688,2,30844
ORD00439,2022-03-01,36,53,148088,4,37022
ORD00440,2023-06-27,9,50,34422,2,17211
ORD00441,2022-07-28,22,83,29977,1,29977
ORD00442,2024-05-17,24,12,239930,5,47986
ORD00443,2024-04-29,13,7,75654,3,25218
ORD00444,2023-11-21,39,78,5269,1,5269
ORD00445,2022-07-12,49,76,73610,5,14722
ORD00446,2023-05-06,14,112,61107,3,20369
ORD00447,2022-01-16,14,120,98186,2,49093
ORD00448,2022-05-01,48,97,65592,4,16398
ORD00449,2023-12-14,39,91,52986,2,26493
ORD00450,2022-09-03,36,42,76341,3,25447
ORD00451,2023-04-23,35,84,62136,3,20712
ORD00452,2022-09-25,24,66,124160,4,31040
ORD00453,2022-04-11,47,61,41436,3,13812
ORD00454,2023-01-15,21,53,37365,1,37365
ORD00455,2024-06-03,15,95,3124,2,1562
ORD00456,2022-09-25,36,120,192270,5,38454
ORD00457,2024-01-08,27,38,26714,2,13357
ORD00458,2022-12-04,15,49,83020,5,16604
ORD00459,2023-05-27,36,84,52092,3,17364
ORD00460,2024-02-21,32,93,122800,4,30700
ORD00461,2022-06-22,47,102,34776,3,11592
ORD00462,2022-05-24,47,70,50244,4,12561
ORD00463,2023-07-10,42,8,13580,5,2716
ORD00464,2024-05-09,5,105,918,1,918
ORD00465,2023-02-27,9,108,9908,2,4954
ORD00466,2023-12-26,10,2,67286,2,33643
ORD00467,2023-04-12,24,8,211470,5,42294
ORD00468,2023-11-14,40,117,174824,4,43706
ORD00469,2023-05-15,2,1,183260,5,36652
ORD00470,2023-02-26,1,3,239145,5,47829
ORD00471,2022-10-09,35,37,33413,1,33413
ORD00472,2024-04-12,45,87,48992,4,12248
ORD00473,2022-04-20,7,68,32584,2,16292
ORD00474,2022-07-16,40,68,71184,3,23728
ORD00475,2022-10-01,26,11,81327,3,27109
ORD00476,2023-04-16,37,32,40318,2,20159
ORD00477,2023-12-02,6,84,6627,1,6627
ORD00478,2023-02-20,25,49,158475,5,31695
ORD00479,2022-02-27,41,2,11836,2,5918
ORD00480,2023-05-27,28,83,112749,3,37583
ORD00481,2024-05-28,7,115,16440,5,3288
ORD00482,2022-08-24,14,116,158310,5,31662
ORD00483,2022-10-05,3,119,45354,1,45354
ORD00484,2022-10-15,35,73,12254,1,12254
ORD00485,2024-05-20,21,3,77942,2,38971
ORD00486,2022-05-28,49,106,22168,4,5542
ORD00487,2022-11-03,11,73,75276,2,37638
ORD00488,2024-05-04,25,87,111200,5,22240
ORD00489,2023-01-29,49,95,91348,2,45674
ORD00490,2024-01-12,6,65,12057,3,4019
ORD00491,2022-04-11,28,30,22821,1,22821
ORD00492,2023-09-12,50,79,132490,5,26498
ORD00493,2024-03-03,21,4,90081,3,30027
ORD00494,2023-05-18,15,46,125515,5,25103
ORD00495,2023-03-19,12,88,218985,5,43797
ORD00496,2023-01-25,6,99,99285,5,19857
ORD00497,2024-03-28,16,92,5876,1,5876
ORD00498,2022-10-02,10,49,97948,2,48974
ORD00499,2023-02-03,21,47,6497,1,6497
ORD00500,2022-01-06,20,57,54537,3,18179
ORD00501,2022-04-15,9,12,57488,2,28744
ORD00502,2023-04-05,36,72,136205,5,27241
ORD00503,2022-04-16,2,12,110463,3,36821
ORD00504,2022-04-06,39,77,77238,3,25746
ORD00505,2022-01-13,19,53,24200,4,6050
ORD00506,2024-01-13,36,116,75966,2,37983
ORD00507,2023-06-18,11,88,46432,4,11608
ORD00508,2022-05-23,18,39,98451,3,32817
ORD00509,2022-05-30,5,22,74340,4,18585
ORD00510,2023-03-08,20,62,24166,1,24166
ORD00511,2022-09-15,16,93,157660,4,39415
ORD00512,2023-09-24,13,59,9379,1,9379
ORD00513,2022-11-08,1,51,123432,3,41144
ORD00514,2023-01-25,22,57,86160,3,28720
ORD00515,2024-04-15,42,77,40378,2,20189
ORD00516,2022-11-25,39,89,63784,2,31892
ORD00517,2022-11-18,12,51,58800,3,19600
ORD00518,2024-01-23,45,82,152960,4,38240
ORD00519,2024-03-11,16,42,75476,4,18869
ORD00520,2024-04-16,26,47,37452,1,37452
ORD00521,2022-07-24,38,70,90352,2,45176
ORD00522,2024-02-26,36,4,187692,4,46923
ORD00523,2022-08-03,29,103,137715,3,45905
ORD00524,2022-03-12,27,87,38484,4,9621
ORD00525,2023-10-11,20,31,130998,3,43666
ORD00526,2022-06-07,46,55,21388,4,5347
ORD00527,2023-04-05,39,62,133835,5,26767
ORD00528,2023-07-02,33,119,144512,4,36128
ORD00529,2022-02-07,24,90,197080,5,39416
ORD00530,2023-10-16,6,14,87192,2,43596
ORD00531,2023-11-12,23,22,17015,5,3403
ORD00532,2023-07-31,42,87,199308,4,49827
ORD00533,2022-12-06,28,14,6962,1,6962
ORD00534,2022-09-22,15,66,185340,5,37068
ORD00535,2023-08-18,45,74,59428,2,29714
ORD00536,2023-01-19,26,60,228740,5,45748
ORD00537,2023-05-28,10,45,32138,1,32138
ORD00538,2022-04-18,19,54,8106,1,8106
ORD00539,2024-05-01,47,19,62820,3,20940
ORD00540,2022-12-18,30,101,69302,2,34651
ORD00541,2023-05-10,23,61,29215,1,29215
ORD00542,2024-01-10,45,58,14706,3,4902
ORD00543,2022-11-04,3,104,1980,1,1980
ORD00544,2024-05-19,22,83,44877,1,44877
ORD00545,2024-03-30,11,120,68632,2,34316
ORD00546,2022-06-28,36,21,111570,3,37190
ORD00547,2023-03-13,30,30,167084,4,41771
ORD00548,2022-07-08,12,82,105696,4,26424
ORD00549,2022-01-30,48,79,59926,2,29963
ORD00550,2023-08-30,28,50,46685,1,46685
ORD00551,2022-08-08,14,36,38337,1,38337
ORD00552,2022-04-15,35,24,65589,3,21863
ORD00553,2022-07-21,30,15,133365,3,44455
ORD00554,2024-06-02,32,68,118869,3,39623
ORD00555,2023-02-02,40,51,39930,5,7986
ORD00556,2022-12-23,23,109,163836,4,40959
ORD00557,2022-06-26,44,91,122310,3,40770
ORD00558,2023-08-28,6,87,42048,2,21024
ORD00559,2022-05-01,16,40,12496,1,12496
ORD00560,2023-01-18,45,19,129790,5,25958
ORD00561,2023-03-05,39,18,128230,5,25646
ORD00562,2023-03-10,12,63,229720,5,45944
ORD00563,2023-10-23,12,72,65178,2,32589
ORD00564,2022-10-23,9,24,90168,3,30056
ORD00565,2023-09-27,4,111,3384,3,1128
ORD00566,2023-05-12,9,25,149212,4,37303
ORD00567,2023-06-02,42,64,181488,4,45372
ORD00568,2023-05-19,27,91,130108,4,32527
ORD00569,2022-06-21,6,73,14952,1,14952
ORD00570,2022-10-27,3,36,71464,2,35732
ORD00571,2022-10-23,11,100,150280,4,37570
ORD00572,2024-01-31,50,99,146104,4,36526
ORD00573,2023-06-08,8,74,18056,1,18056
ORD00574,2024-03-04,35,106,108069,3,36023
ORD00575,2024-04-22,49,6,145220,4,36305
ORD00576,2022-08-12,28,14,40020,2,20010
ORD00577,2024-06-14,3,58,70032,3,23344
ORD00578,2024-06-01,6,57,16028,1,16028
ORD00579,2022-08-03,48,76,141237,3,47079
ORD00580,2023-09-17,41,55,81760,2,40880
ORD00581,2022-05-23,14,105,8780,2,4390
ORD00582,2023-08-07,23,69,118845,3,39615
ORD00583,2023-07-06,11,42,58383,3,19461
ORD00584,2023-08-10,18,110,225090,5,45018
ORD00585,2024-04-14,7,18,17540,4,4385
ORD00586,2022-10-11,42,17,33724,2,16862
ORD00587,2022-05-30,46,42,89634,2,44817
ORD00588,2023-02-07,32,19,209725,5,41945
ORD00589,2022-10-03,41,54,120484,4,30121
ORD00590,2022-03-19,41,102,26901,1,26901
ORD00591,2023-06-12,48,36,90894,3,30298
ORD00592,2023-05-15,21,75,48519,1,48519
ORD00593,2022-04-06,47,59,13950,3,4650
ORD00594,2024-03-25,35,51,57314,2,28657
ORD00595,2024-04-24,14,64,64977,3,21659
ORD00596,2024-04-28,19,44,191875,5,38375
ORD00597,2022-05-14,37,110,92108,4,23027
ORD00598,2023-11-30,49,7,7025,1,7025
ORD00599,2023-10-04,30,3,10853,1,10853
ORD00600,2023-03-28,30,1,55036,4,13759
ORD00601,2023-12-07,9,113,32754,3,10918
ORD00602,2024-06-14,18,12,50727,3,16909
ORD00603,2022-03-26,24,86,7786,2,3893
ORD00604,2023-02-10,41,40,57260,2,28630
ORD00605,2023-11-03,6,91,571,1,571
ORD00606,2022-08-07,31,10,78814,2,39407
ORD00607,2022-08-20,34,88,4432,4,1108
ORD00608,2022-01-09,45,44,28176,1,28176
ORD00609,2023-12-12,9,62,15504,1,15504
ORD00610,2023-01-28,6,94,7263,1,7263
ORD00611,2022-11-17,24,113,28458,3,9486
ORD00612,2023-01-27,50,105,85092,2,42546
ORD00613,2023-11-25,10,9,187075,5,37415
ORD00614,2022-01-09,40,84,58684,2,29342
ORD00615,2022-12-26,47,28,54962,2,27481
ORD00616,2023-09-23,44,57,12362,2,6181
ORD00617,2022-04-13,9,97,39138,1,39138
ORD00618,2024-01-18,25,45,84444,4,21111
ORD00619,2024-03-21,9,32,128235,3,42745
ORD00620,2022-03-28,16,71,199110,5,39822
ORD00621,2024-01-09,39,37,43649,1,43649
ORD00622,2024-06-15,20,27,201375,5,40275
ORD00623,2023-06-06,13,96,79472,4,19868
ORD00624,2023-10-24,4,101,65864,2,32932
ORD00625,2023-01-31,8,31,169268,4,42317
ORD00626,2023-09-01,5,68,24164,1,24164
ORD00627,2022-11-21,9,50,140405,5,28081
ORD00628,2023-01-10,35,88,62736,2,31368
ORD00629,2024-02-28,5,3,24625,5,4925
ORD00630,2022-01-15,17,28,4462,1,4462
ORD00631,2024-03-19,26,65,125082,3,41694
ORD00632,2023-12-31,33,99,113036,4,28259
ORD00633,2023-12-20,26,11,178675,5,35735
ORD00634,2023-09-23,10,36,20810,1,20810
ORD00635,2022-03-22,33,118,21364,2,10682
ORD00636,2023-07-04,21,51,210345,5,42069
ORD00637,2024-02-21,42,88,20827,1,20827
ORD00638,2023-12-17,28,94,8588,2,4294
ORD00639,2022-09-08,6,119,32404,4,8101
ORD00640,2023-04-10,40,78,20769,1,20769
ORD00641,2023-11-14,48,85,16654,2,8327
ORD00642,2022-01-13,46,18,11236,1,11236
ORD00643,2023-05-24,23,67,238680,5,47736
ORD00644,2022-09-23,11,48,99274,2,49637
ORD00645,2024-03-10,18,94,2423,1,2423
ORD00646,2022-12-10,28,35,23425,5,4685
ORD00647,2022-09-27,46,74,33015,1,33015
ORD00648,2023-04-12,33,47,33242,1,33242
ORD00649,2024-05-29,37,22,32427,3,10809
ORD00650,2022-09-19,50,14,223395,5,44679
ORD00651,2024-01-11,8,30,3340,5,668
ORD00652,2022-02-15,1,32,31417,1,31417
ORD00653,2023-01-08,25,118,24456,2,12228
ORD00654,2024-05-28,3,71,60852,4,15213
ORD00655,2022-11-26,16,54,54831,3,18277
ORD00656,2024-04-25,5,74,24975,3,8325
ORD00657,2023-05-30,44,116,12253,1,12253
ORD00658,2022-08-17,34,6,20068,4,5017
ORD00659,2024-06-17,30,111,62583,3,20861
ORD00660,2022-12-02,6,71,4088,4,1022
ORD00661,2023-01-13,13,38,102085,5,20417
ORD00662,2024-01-28,40,32,98540,4,24635
ORD00663,2023-08-29,32,99,97004,2,48502
ORD00664,2023-07-14,49,102,20734,2,10367
ORD00665,2022-01-07,27,4,71980,2,35990
ORD00666,2022-12-21,41,108,22455,1,22455
ORD00667,2022-01-02,49,85,195480,4,48870
ORD00668,2024-01-15,20,14,70442,2,35221
ORD00669,2022-09-01,27,63,9830,1,9830
ORD00670,2023-12-30,18,12,15669,1,15669
ORD00671,2024-05-15,34,53,91635,3,30545
ORD00672,2024-02-05,6,75,33623,1,33623
ORD00673,2022-05-17,41,105,21616,4,5404
ORD00674,2023-08-30,37,8,175652,4,43913
ORD00675,2022-05-14,16,38,63432,3,21144
ORD00676,2024-03-31,26,90,64032,3,21344
ORD00677,2023-04-09,18,30,13784,1,13784
ORD00678,2022-05-20,50,99,38205,5,7641
ORD00679,2022-06-09,7,22,124172,4,31043
ORD00680,2022-11-18,27,16,119900,5,23980
ORD00681,2024-02-28,14,58,92595,3,30865
ORD00682,2022-09-29,8,12,90922,2,45461
ORD00683,2022-11-08,46,90,15715,5,3143
ORD00684,2022-08-09,21,19,47106,1,47106
ORD00685,2022-09-12,23,51,18540,5,3708
ORD00686,2023-11-25,20,34,5072,2,2536
ORD00687,2023-02-19,29,72,84370,5,16874
ORD00688,2022-04-07,30,14,16918,2,8459
ORD00689,2022-01-13,4,107,18132,2,9066
ORD00690,2022-07-22,26,48,38663,1,38663
ORD00691,2023-08-24,17,118,1928,1,1928
ORD00692,2022-03-08,13,116,35760,4,8940
ORD00693,2022-04-05,22,16,30711,1,30711
ORD00694,2022-02-21,11,119,144435,5,28887
ORD00695,2024-04-21,47,51,9728,4,2432
ORD00696,2023-01-27,44,55,47392,2,23696
ORD00697,2022-08-08,12,36,89187,3,29729
ORD00698,2022-06-02,3,79,204670,5,40934
ORD00699,2022-09-09,42,38,110000,4,27500
ORD00700,2023-07-18,31,8,18835,1,18835
ORD00701,2023-01-28,9,54,85232,2,42616
ORD00702,2024-03-27,34,32,8895,5,1779
ORD00703,2023-01-27,46,46,144740,4,36185
ORD00704,2024-03-11,32,45,167120,5,33424
ORD00705,2022-11-26,25,35,4416,2,2208
ORD00706,2022-11-23,39,29,18911,1,18911
ORD00707,2022-03-01,31,68,116316,3,38772
ORD00708,2022-08-27,11,13,87096,2,43548
ORD00709,2022-09-04,18,69,14879,1,14879
ORD00710,2023-08-13,25,46,24080,2,12040
ORD00711,2022-08-31,38,41,117804,3,39268
ORD00712,2022-01-29,46,90,113103,3,37701
ORD00713,2023-08-01,10,73,65516,2,32758
ORD00714,2023-07-10,20,23,11948,4,2987
ORD00715,2022-04-03,4,30,74195,5,14839
ORD00716,2022-01-21,34,62,22240,1,22240
ORD00717,2023-09-21,13,104,45662,2,22831
ORD00718,2024-01-05,12,118,13209,3,4403
ORD00719,2022-01-23,10,76,15538,2,7769
ORD00720,2024-05-16,34,111,15759,3,5253
ORD00721,2023-01-18,46,85,155620,4,38905
ORD00722,2022-04-14,22,39,28326,3,9442
ORD00723,2022-06-11,47,56,172176,4,43044
ORD00724,2022-11-21,12,91,229765,5,45953
ORD00725,2023-09-21,23,29,59955,5,11991
ORD00726,2023-01-23,20,94,26535,3,8845
ORD00727,2022-07-01,47,1,130815,5,26163
ORD00728,2024-05-21,50,73,12432,1,12432
ORD00729,2023-09-09,21,118,74880,5,14976
ORD00730,2023-10-17,37,14,38868,4,9717
ORD00731,2022-12-06,48,10,46456,2,23228
ORD00732,2022-11-24,11,82,46962,1,46962
ORD00733,2023-11-18,41,94,89310,3,29770
ORD00734,2022-01-12,17,27,91854,2,45927
ORD00735,2022-03-11,23,33,47713,1,47713
ORD00736,2022-01-02,4,50,194040,4,48510
ORD00737,2023-03-06,11,114,131256,4,32814
ORD00738,2023-01-23,23,70,28588,4,7147
ORD00739,2024-04-28,31,101,215805,5,43161
ORD00740,2024-02-16,44,29,60150,2,30075
ORD00741,2022-03-17,3,38,21387,1,21387
ORD00742,2022-09-25,7,10,34944,3,11648
ORD00743,2023-01-20,11,94,36351,1,36351
ORD00744,2022-04-06,22,77,160680,5,32136
ORD00745,2023-12-23,2,56,80602,2,40301
ORD00746,2023-03-21,11,7,22198,1,22198
ORD00747,2022-07-30,13,53,239095,5,47819
ORD00748,2024-01-18,35,34,59970,3,19990
ORD00749,2022-09-01,7,7,151884,4,37971
ORD00750,2023-07-17,32,20,24147,1,24147
ORD00751,2022-01-04,28,12,131658,3,43886
ORD00752,2023-10-03,39,62,13712,2,6856
ORD00753,2022-01-27,14,22,17607,3,5869
ORD00754,2023-04-30,8,40,125452,4,31363
ORD00755,2023-05-16,43,34,42565,1,42565
ORD00756,2023-07-12,25,24,76494,3,25498
ORD00757,2023-01-14,12,58,17755,1,17755
ORD00758,2023-03-27,30,34,36200,2,18100
ORD00759,2023-08-01,4,20,6116,1,6116
ORD00760,2023-11-16,23,104,138155,5,27631
ORD00761,2024-02-14,38,30,22480,5,4496
ORD00762,2024-05-10,25,105,139675,5,27935
ORD00763,2023-07-03,44,111,152132,4,38033
ORD00764,2022-08-30,31,39,26373,1,26373
ORD00765,2024-05-24,46,5,189675,5,37935
ORD00766,2023-06-14,37,87,50815,5,10163
ORD00767,2022-05-04,49,58,22910,2,11455
ORD00768,2022-08-05,13,17,28246,1,28246
ORD00769,2022-03-22,44,56,83210,2,41605
ORD00770,2022-06-01,39,34,144453,3,48151
ORD00771,2024-04-06,5,12,147844,4,36961
ORD00772,2023-02-11,36,42,103674,3,34558
ORD00773,2023-04-15,1,101,195035,5,39007
ORD00774,2023-06-20,27,15,41224,4,10306
ORD00775,2022-06-01,37,76,35330,5,7066
ORD00776,2022-04-19,37,100,19249,1,19249
ORD00777,2024-06-07,35,113,82284,3,27428
ORD00778,2022-09-28,25,84,151952,4,37988
ORD00779,2023-09-16,31,5,37098,2,18549
ORD00780,2023-02-17,10,80,225585,5,45117
ORD00781,2023-12-12,26,5,88896,4,22224
ORD00782,2023-12-09,16,7,72404,4,18101
ORD00783,2023-01-17,2,44,62634,3,20878
ORD00784,2022-10-15,32,110,15439,1,15439
ORD00785,2022-05-18,20,96,86112,4,21528
ORD00786,2022-10-03,47,54,214035,5,42807
ORD00787,2022-04-02,13,57,54368,2,27184
ORD00788,2024-01-29,32,98,125020,5,25004
ORD00789,2024-04-20,4,66,9600,2,4800
ORD00790,2022-11-15,46,65,37556,4,9389
ORD00791,2024-03-10,34,113,11985,5,2397
ORD00792,2022-06-27,13,113,8552,2,4276
ORD00793,2022-09-13,3,59,24117,1,24117
ORD00794,2023-12-23,13,36,92769,3,30923
ORD00795,2023-06-02,26,82,45141,1,45141
ORD00796,2022-02-01,16,48,157724,4,39431
ORD00797,2023-04-02,12,112,155844,4,38961
ORD00798,2023-07-19,23,45,34902,2,17451
ORD00799,2024-02-06,45,12,6894,3,2298
ORD00800,2023-01-31,4,21,72725,5,14545
ORD00801,2024-05-27,15,83,89826,2,44913
ORD00802,2022-07-31,18,84,136552,4,34138
ORD00803,2022-01-21,50,99,31570,1,31570
ORD00804,2022-05-16,42,23,5270,5,1054
ORD00805,2022-08-18,17,78,141630,3,47210
ORD00806,2023-12-28,42,36,100688,4,25172
ORD00807,2024-05-22,23,59,44400,3,14800
ORD00808,2023-04-23,20,87,206840,5,41368
ORD00809,2023-02-11,38,14,34022,1,34022
ORD00810,2023-11-10,24,72,202070,5,40414
ORD00811,2022-10-17,20,88,32071,1,32071
ORD00812,2022-03-07,22,36,55935,3,18645
ORD00813,2022-09-25,42,92,38532,3,12844
ORD00814,2022-06-03,34,98,8440,2,4220
ORD00815,2024-04-04,39,52,135342,3,45114
ORD00816,2022-05-24,47,4,79488,4,19872
ORD00817,2022-09-23,27,52,195128,4,48782
ORD00818,2022-02-06,38,91,64730,5,12946
ORD00819,2022-12-18,47,92,90956,2,45478
ORD00820,2023-07-02,41,101,178124,4,44531
ORD00821,2023-01-03,33,39,87194,2,43597
ORD00822,2024-06-16,36,24,20688,3,6896
ORD00823,2023-04-28,9,95,144075,3,48025
ORD00824,2024-04-07,36,98,90090,2,45045
ORD00825,2022-12-10,42,12,47566,2,23783
ORD00826,2022-08-17,48,112,84168,3,28056
ORD00827,2024-03-18,22,48,116625,3,38875
ORD00828,2022-10-29,30,109,31337,1,31337
ORD00829,2022-02-24,41,75,205875,5,41175
ORD00830,2022-03-14,31,114,66598,2,33299
ORD00831,2022-05-03,44,49,100265,5,20053
ORD00832,2023-02-28,4,112,19004,2,9502
ORD00833,2022-07-25,22,53,152435,5,30487
ORD00834,2022-05-27,21,111,11592,2,5796
ORD00835,2023-05-15,22,81,42078,2,21039
ORD00836,2023-10-12,4,1,73700,4,18425
ORD00837,2022-08-03,49,100,76534,2,38267
ORD00838,2024-02-22,11,63,8980,1,8980
ORD00839,2023-09-22,28,82,107744,4,26936
ORD00840,2023-03-16,31,50,2972,1,2972
ORD00841,2023-07-01,13,94,4266,3,1422
ORD00842,2022-11-26,49,107,64945,5,12989
ORD00843,2022-01-19,44,1,30656,2,15328
ORD00844,2023-12-12,23,40,14462,2,7231
ORD00845,2023-01-28,33,76,34335,3,11445
ORD00846,2022-03-08,3,39,91137,3,30379
ORD00847,2024-01-16,34,77,113200,5,22640
ORD00848,2023-03-21,44,18,97872,3,32624
ORD00849,2023-01-03,49,25,53872,2,26936
ORD00850,2022-01-20,15,29,28680,2,14340
ORD00851,2024-01-22,2,76,57870,5,11574
ORD00852,2022-05-07,24,92,25088,1,25088
ORD00853,2024-06-16,41,33,206685,5,41337
ORD00854,2022-02-19,39,7,43332,1,43332
ORD00855,2024-05-06,2,7,27813,1,27813
ORD00856,2023-03-31,25,16,85315,5,17063
ORD00857,2023-05-01,45,20,92120,2,46060
ORD00858,2023-12-04,41,2,84246,3,28082
ORD00859,2023-11-09,7,85,90965,5,18193
ORD00860,2023-09-30,39,90,55896,2,27948
ORD00861,2024-04-30,7,66,41075,5,8215
ORD00862,2022-10-17,8,101,33119,1,33119
ORD00863,2022-07-23,39,26,104352,3,34784
ORD00864,2022-07-26,23,91,79424,4,19856
ORD00865,2022-06-14,3,71,56444,4,14111
ORD00866,2023-12-06,31,43,1358,2,679
ORD00867,2022-01-14,43,12,38127,1,38127
ORD00868,2023-11-17,32,20,34035,1,34035
ORD00869,2022-03-18,47,93,17270,1,17270
ORD00870,2023-10-22,15,59,53427,3,17809
ORD00871,2023-04-21,4,13,6170,2,3085
ORD00872,2024-05-22,19,47,85254,3,28418
ORD00873,2024-01-27,8,13,1133,1,1133
ORD00874,2024-05-22,9,85,44078,2,22039
ORD00875,2023-01-02,29,80,145626,3,48542
ORD00876,2022-04-06,24,105,37452,3,12484
ORD00877,2022-04-27,26,52,73256,4,18314
ORD00878,2024-05-05,25,89,112556,4,28139
ORD00879,2023-10-27,11,15,92248,2,46124
ORD00880,2024-01-14,4,109,14592,2,7296
ORD00881,2023-03-03,38,62,224795,5,44959
ORD00882,2023-03-25,12,79,96004,4,24001
ORD00883,2023-09-19,2,111,64318,2,32159
ORD00884,2023-05-15,8,114,117520,4,29380
ORD00885,2022-02-17,5,34,3930,3,1310
ORD00886,2023-12-23,44,68,239665,5,47933
ORD00887,2023-08-02,15,86,103557,3,34519
ORD00888,2023-06-20,45,90,33705,5,6741
ORD00889,2023-03-20,43,94,64166,2,32083
ORD00890,2022-12-21,43,87,40968,4,10242
ORD00891,2024-05-09,36,115,20380,5,4076
ORD00892,2022-01-12,42,120,67264,2,33632
ORD00893,2024-05-19,31,110,45356,4,11339
ORD00894,2022-03-18,49,63,48861,3,16287
ORD00895,2022-12-05,18,7,75475,5,15095
ORD00896,2023-07-18,42,49,63600,4,15900
ORD00897,2022-03-22,30,57,149330,5,29866
ORD00898,2022-04-01,32,58,24837,3,8279
ORD00899,2023-05-25,48,84,7226,1,7226
ORD00900,2023-02-18,27,5,182425,5,36485
ORD00901,2022-01-01,6,102,205355,5,41071
ORD00902,2023-10-15,20,114,186765,5,37353
ORD00903,2022-07-31,42,86,91352,4,22838
ORD00904,2023-01-08,4,105,60566,2,30283
ORD00905,2022-12-06,36,99,199090,5,39818
ORD00906,2023-04-30,46,85,142254,3,47418
ORD00907,2023-04-09,8,13,1286,2,643
ORD00908,2022-12-16,23,107,109179,3,36393
ORD00909,2023-06-19,24,90,3500,1,3500
ORD00910,2022-06-18,32,18,30036,4,7509
ORD00911,2022-09-18,40,26,16826,2,8413
ORD00912,2024-05-22,26,28,51956,4,12989
ORD00913,2024-01-04,22,14,14188,4,3547
ORD00914,2023-10-11,44,76,30024,1,30024
ORD00915,2023-04-14,43,76,46615,5,9323
ORD00916,2023-05-26,1,68,36756,1,36756
ORD00917,2023-03-20,38,62,60565,5,12113
ORD00918,2023-12-10,38,23,14572,2,7286
ORD00919,2023-02-01,43,77,107960,5,21592
ORD00920,2023-06-01,25,54,229420,5,45884
ORD00921,2024-02-20,16,36,91876,4,22969
ORD00922,2022-10-29,29,104,19110,2,9555
ORD00923,2023-02-27,39,90,100445,5,20089
ORD00924,2024-05-13,45,71,141459,3,47153
ORD00925,2024-01-25,36,81,27330,2,13665
ORD00926,2022-08-03,40,92,136491,3,45497
ORD00927,2022-12-20,44,17,67046,2,33523
ORD00928,2023-07-10,45,82,141159,3,47053
ORD00929,2022-04-29,49,46,159905,5,31981
ORD00930,2023-08-20,37,86,178748,4,44687
ORD00931,2024-02-05,35,37,5344,4,1336
ORD00932,2023-06-20,7,4,40096,4,10024
ORD00933,2022-02-24,43,8,35992,2,17996
ORD00934,2024-02-08,11,37,30288,3,10096
ORD00935,2024-05-09,4,89,41607,3,13869
ORD00936,2024-02-11,35,5,90483,3,30161
ORD00937,2022-04-15,40,112,76000,5,15200
ORD00938,2024-01-31,42,72,64284,4,16071
ORD00939,2023-06-08,45,37,25507,1,25507
ORD00940,2023-02-01,27,101,110052,3,36684
ORD00941,2022-02-25,1,96,41427,3,13809
ORD00942,2023-09-28,50,111,61124,4,15281
ORD00943,2023-10-11,46,91,149958,3,49986
ORD00944,2023-08-26,35,95,66875,5,13375
ORD00945,2024-03-05,47,25,89739,3,29913
ORD00946,2022-07-01,44,10,23778,2,11889
ORD00947,2024-01-23,33,16,12652,4,3163
ORD00948,2023-03-15,18,72,27072,3,9024
ORD00949,2022-06-14,38,109,2607,3,869
ORD00950,2022-12-05,30,91,6234,2,3117
ORD00951,2022-06-07,21,77,41484,1,41484
ORD00952,2023-09-23,43,39,152120,4,38030
ORD00953,2023-07-18,23,10,104796,3,34932
ORD00954,2022-08-14,12,67,33604,1,33604
ORD00955,2022-06-13,27,70,134690,5,26938
ORD00956,2022-04-05,23,29,87944,2,43972
ORD00957,2022-12-06,22,47,44448,3,14816
ORD00958,2024-02-10,40,68,149148,4,37287
ORD00959,2024-04-23,49,84,8018,1,8018
ORD00960,2023-11-16,23,58,85182,2,42591
ORD00961,2023-09-21,40,32,45231,1,45231
ORD00962,2022-11-25,25,118,25788,1,25788
ORD00963,2022-09-20,35,93,6357,3,2119
ORD00964,2023-06-14,50,48,169200,5,33840
ORD00965,2023-04-02,32,6,129594,3,43198
ORD00966,2022-07-17,21,66,6788,1,6788
ORD00967,2022-06-21,50,69,4900,5,980
ORD00968,2023-10-04,5,27,90836,2,45418
ORD00969,2023-03-11,7,27,232770,5,46554
ORD00970,2024-06-18,48,100,171492,4,42873
ORD00971,2024-04-16,5,96,4112,2,2056
ORD00972,2023-04-16,46,43,6235,1,6235
ORD00973,2022-03-17,4,23,111222,3,37074
ORD00974,2022-03-14,37,106,34900,2,17450
ORD00975,2023-02-22,25,58,115512,4,28878
ORD00976,2022-11-20,2,50,35550,1,35550
ORD00977,2022-01-07,42,93,23220,5,4644
ORD00978,2024-02-14,48,75,46433,1,46433
ORD00979,2024-05-18,5,46,37275,5,7455
ORD00980,2022-10-24,44,39,30845,5,6169
ORD00981,2022-10-16,49,119,101984,4,25496
ORD00982,2023-02-09,43,4,42976,4,10744
ORD00983,2023-07-01,15,18,145056,4,36264
ORD00984,2022-10-30,41,19,134658,3,44886
ORD00985,2024-03-25,47,83,3690,3,1230
ORD00986,2023-07-21,36,19,3237,1,3237
ORD00987,2022-01-06,37,77,142808,4,35702
ORD00988,2023-07-15,6,40,99080,2,49540
ORD00989,2024-01-30,47,45,55086,2,27543
ORD00990,2023-10-24,33,19,25116,2,12558
ORD00991,2022-08-15,40,107,39705,3,13235
ORD00992,2022-04-28,12,86,20320,5,4064
ORD00993,2024-05-21,49,120,153645,5,30729
ORD00994,2023-10-23,36,10,133557,3,44519
ORD00995,2022-03-10,17,13,96104,2,48052
ORD00996,2023-08-18,32,43,26706,3,8902
ORD00997,2023-11-19,42,31,19186,1,19186
ORD00998,2023-09-27,5,116,42652,2,21326
ORD00999,2023-05-13,29,43,218575,5,43715
ORD01000,2022-11-10,45,75,75128,2,37564
